<?xml version="1.0" encoding="UTF-8"?>
<ksdk:examples xmlns:ksdk="http://nxp.com/ksdk/2.0/ksdk_manifest_v3.0.xsd" xmlns:xsi="http://www.w3.org/2001/XMLSchema-instance" xsi:schemaLocation="http://nxp.com/ksdk/2.0/ksdk_manifest_v3.0.xsd manifest.xsd">
  <externalDefinitions>
    <definition extID="utility.debug_console_lite.MK64F12"/>
    <definition extID="platform.utilities.assert_lite.MK64F12"/>
    <definition extID="platform.drivers.port.MK64F12"/>
    <definition extID="platform.drivers.uart.MK64F12"/>
    <definition extID="platform.drivers.ftm.MK64F12"/>
    <definition extID="platform.drivers.flash.MK64F12"/>
    <definition extID="platform.drivers.gpio.MK64F12"/>
    <definition extID="platform.drivers.clock.MK64F12"/>
    <definition extID="platform.drivers.smc.MK64F12"/>
    <definition extID="device.MK64F12_CMSIS.MK64F12"/>
    <definition extID="component.uart_adapter.MK64F12"/>
    <definition extID="platform.drivers.common.MK64F12"/>
    <definition extID="component.lists.MK64F12"/>
    <definition extID="device.MK64F12_startup.MK64F12"/>
    <definition extID="CMSIS_Include_core_cm.MK64F12"/>
    <definition extID="platform.utilities.misc_utilities.MK64F12"/>
    <definition extID="device.MK64F12_system.MK64F12"/>
    <definition extID="iar"/>
    <definition extID="mdk"/>
    <definition extID="armgcc"/>
    <definition extID="mcuxpresso"/>
    <definition extID="com.nxp.mcuxpresso"/>
  </externalDefinitions>
  <example id="frdmk64f_ftm_combine_pwm" name="ftm_combine_pwm" dependency="utility.debug_console_lite.MK64F12 platform.utilities.assert_lite.MK64F12 platform.drivers.port.MK64F12 platform.drivers.uart.MK64F12 platform.drivers.ftm.MK64F12 platform.drivers.flash.MK64F12 platform.drivers.gpio.MK64F12 platform.drivers.clock.MK64F12 platform.drivers.smc.MK64F12 device.MK64F12_CMSIS.MK64F12 component.uart_adapter.MK64F12 platform.drivers.common.MK64F12 component.lists.MK64F12 device.MK64F12_startup.MK64F12 CMSIS_Include_core_cm.MK64F12 platform.utilities.misc_utilities.MK64F12 device.MK64F12_system.MK64F12" category="driver_examples/ftm">
    <projects>
      <project type="com.crt.advproject.projecttype.exe" nature="org.eclipse.cdt.core.cnature"/>
    </projects>
    <toolchainSettings>
      <toolchainSetting id_refs="com.nxp.mcuxpresso">
        <option id="gnu.c.compiler.option.preprocessor.def.symbols" type="stringList">
          <value>CPU_MK64FN1M0VLL12</value>
          <value>FRDM_K64F</value>
          <value>FREEDOM</value>
          <value>MCUXPRESSO_SDK</value>
        </option>
        <option id="com.crt.advproject.gas.fpu" type="enum">
          <value>com.crt.advproject.gas.fpu.fpv4.hard</value>
        </option>
        <option id="com.crt.advproject.gcc.fpu" type="enum">
          <value>com.crt.advproject.gcc.fpu.fpv4.hard</value>
        </option>
        <option id="gnu.c.compiler.option.optimization.flags" type="string">
          <value>-fno-common</value>
        </option>
        <option id="com.crt.advproject.c.misc.dialect" type="enum">
          <value>com.crt.advproject.misc.dialect.gnu99</value>
        </option>
        <option id="gnu.c.compiler.option.misc.other" type="string">
          <value>-c -ffunction-sections -fdata-sections -ffreestanding -fno-builtin</value>
        </option>
        <option id="gnu.c.compiler.option.warnings.allwarn" type="boolean">
          <value>false</value>
        </option>
        <option id="com.crt.advproject.link.fpu" type="enum">
          <value>com.crt.advproject.link.fpu.fpv4.hard</value>
        </option>
        <option id="gnu.c.link.option.nostdlibs" type="boolean">
          <value>true</value>
        </option>
      </toolchainSetting>
    </toolchainSettings>
    <include_paths>
      <include_path path="boards/frdmk64f/driver_examples/ftm/combine_pwm" project_relative_path="board" type="c_include"/>
      <include_path path="boards/frdmk64f/driver_examples/ftm/combine_pwm" project_relative_path="frdmk64f/driver_examples/ftm/combine_pwm" type="c_include"/>
    </include_paths>
    <source path="boards/frdmk64f/driver_examples/ftm/combine_pwm/iar" project_relative_path="./" type="workspace" toolchain="iar">
      <files mask="ftm_combine_pwm.ewd"/>
      <files mask="ftm_combine_pwm.ewp"/>
      <files mask="ftm_combine_pwm.eww"/>
    </source>
    <source path="boards/frdmk64f/driver_examples/ftm/combine_pwm/mdk" project_relative_path="./" type="workspace" toolchain="mdk">
      <files mask="ftm_combine_pwm.uvprojx"/>
      <files mask="ftm_combine_pwm.uvoptx"/>
      <files mask="pemicro_connection_settings.ini"/>
      <files mask="ftm_combine_pwm.uvmpw"/>
    </source>
    <source path="boards/frdmk64f/driver_examples/ftm/combine_pwm/armgcc" project_relative_path="./" type="workspace" toolchain="armgcc">
      <files mask="build_all.bat"/>
      <files mask="build_all.sh"/>
      <files mask="clean.bat"/>
      <files mask="clean.sh"/>
      <files mask="CMakeLists.txt"/>
      <files mask="flags.cmake"/>
      <files mask="config.cmake"/>
      <files mask="build_debug.bat"/>
      <files mask="build_debug.sh"/>
      <files mask="build_release.bat"/>
      <files mask="build_release.sh"/>
    </source>
    <source path="boards/frdmk64f/driver_examples/ftm/combine_pwm" project_relative_path="source" type="src">
      <files mask="ftm_combine_pwm.c"/>
    </source>
    <source path="boards/frdmk64f/driver_examples/ftm/combine_pwm" project_relative_path="board" type="src">
      <files mask="pin_mux.c"/>
    </source>
    <source path="boards/frdmk64f/driver_examples/ftm/combine_pwm" project_relative_path="board" type="c_include">
      <files mask="pin_mux.h"/>
    </source>
    <source path="boards/frdmk64f/driver_examples/ftm/combine_pwm" project_relative_path="board" type="src">
      <files mask="board.c"/>
      <files mask="clock_config.c"/>
    </source>
    <source path="boards/frdmk64f/driver_examples/ftm/combine_pwm" project_relative_path="board" type="c_include">
      <files mask="board.h"/>
      <files mask="clock_config.h"/>
    </source>
    <source path="boards/frdmk64f/driver_examples/ftm/combine_pwm" project_relative_path="doc" type="doc" toolchain="iar mdk mcuxpresso armgcc">
      <files mask="readme.txt"/>
    </source>
    <source path="boards/frdmk64f/driver_examples/ftm/combine_pwm/iar" project_relative_path="MK64F12/iar" type="linker" toolchain="iar">
      <files mask="MK64FN1M0xxx12_flash.icf"/>
    </source>
    <source path="boards/frdmk64f/driver_examples/ftm/combine_pwm/mdk" project_relative_path="MK64F12/arm" type="linker" toolchain="mdk">
      <files mask="MK64FN1M0xxx12_flash.scf"/>
    </source>
    <source path="boards/frdmk64f/driver_examples/ftm/combine_pwm/armgcc" project_relative_path="MK64F12/gcc" type="linker" toolchain="armgcc">
      <files mask="MK64FN1M0xxx12_flash.ld"/>
    </source>
  </example>
</ksdk:examples>
